[
  {
    "name": "India",
    "type": "country",
    "children": [
      {
        "name": "Bihar",
        "type": "state",
        "children": [
          { "name": "Patna", "type": "district" },
          { "name": "Gaya", "type": "district" },
          { "name": "Muzaffarpur", "type": "district" },
          { "name": "Bhagalpur", "type": "district" },
          { "name": "Darbhanga", "type": "district" }
        ]
      },
      {
        "name": "Maharashtra",
        "type": "state",
        "children": [
          { "name": "Mumbai", "type": "district" },
          { "name": "Pune", "type": "district" },
          { "name": "Nagpur", "type": "district" },
          { "name": "Thane", "type": "district" },
          { "name": "Nashik", "type": "district" }
        ]
      },
      {
        "name": "Delhi",
        "type": "state",
        "children": [
          { "name": "North Delhi", "type": "district" },
          { "name": "South Delhi", "type": "district" },
          { "name": "East Delhi", "type": "district" },
          { "name": "West Delhi", "type": "district" },
          { "name": "Central Delhi", "type": "district" }
        ]
      },
      {
        "name": "Karnataka",
        "type": "state",
        "children": [
          { "name": "Bangalore Urban", "type": "district" },
          { "name": "Mysore", "type": "district" },
          { "name": "Mangalore", "type": "district" },
          { "name": "Hubli", "type": "district" }
        ]
      },
      {
        "name": "Tamil Nadu",
        "type": "state",
        "children": [
          { "name": "Chennai", "type": "district" },
          { "name": "Coimbatore", "type": "district" },
          { "name": "Madurai", "type": "district" },
          { "name": "Tiruchirappalli", "type": "district" }
        ]
      },
      {
        "name": "West Bengal",
        "type": "state",
        "children": [
          { "name": "Kolkata", "type": "district" },
          { "name": "Howrah", "type": "district" },
          { "name": "Darjeeling", "type": "district" },
          { "name": "Durgapur", "type": "district" }
        ]
      },
      {
        "name": "Uttar Pradesh",
        "type": "state",
        "children": [
          { "name": "Lucknow", "type": "district" },
          { "name": "Kanpur", "type": "district" },
          { "name": "Varanasi", "type": "district" },
          { "name": "Agra", "type": "district" },
          { "name": "Noida", "type": "district" }
        ]
      },
      {
        "name": "Rajasthan",
        "type": "state",
        "children": [
          { "name": "Jaipur", "type": "district" },
          { "name": "Jodhpur", "type": "district" },
          { "name": "Udaipur", "type": "district" },
          { "name": "Kota", "type": "district" }
        ]
      }
    ]
  }
]
